n,,q,,p,te,P
600,,5.541910457,,0.558241143,27.17529671,407.1495552
600,,7.127789657,,0.568263143,27.51452143,430.1969335
600,,8.7851922,,0.729227333,22.826165,454.6872823
600,,10.41570617,,0.591952286,25.28949771,485.332836
600,,12.03223834,,0.593774714,24.50891543,517.760437
600,,13.7127647,,0.369943333,23.95387533,553.6890257
600,,15.3577985,,0.626119333,24.35389333,595.7832413
600,,16.76567628,,0.4724136,24.5607112,643.775696
600,,2.179782171,,1.573226143,23.56783986,375.0552294
600,,3.949578171,,1.850206,27.02939343,427.5754702
600,,5.5158289,,1.7486165,25.37521567,488.4846496
600,,7.040671286,,1.375513429,24.42866886,550.8862154
600,,8.703989143,,1.904873,24.97580571,617.9433597
600,,10.4528122,,2.032429667,25.55394717,690.88974
600,,12.01771843,,1.590537571,24.443259,766.7353515
600,,13.59714446,,1.954984571,24.15145257,855.3271634
600,,15.23464937,,2.042451857,25.43175329,949.9767456
600,,16.94313994,,1.714449714,26.121146,1044.797424
600,,2.276580429,,2.975436571,25.66519843,410.428116
600,,3.818900314,,2.951747286,23.64079129,504.4706879
600,,5.446725429,,3.127593286,25.96794757,605.4630279
600,,7.084230514,,3.374506143,26.56615071,711.3691754
600,,8.620097229,,2.950836429,27.58382586,826.7131268
600,,10.2866418,,3.259705286,25.25302171,949.930237
600,,11.94350649,,3.356283857,25.80380657,1076.052917
600,,13.52293234,,3.646930429,25.48646686,1222.019531
600,,15.20077003,,3.349905857,26.17585957,1385.000183
600,,16.90603389,,3.330772714,23.99825429,1554.841004
600,,2.328206143,,4.146222857,25.57765643,459.888306
600,,3.847939886,,3.786331714,23.68456243,591.3274235
600,,5.399939743,,4.250090571,24.58916243,741.453857
600,,7.034218114,,4.848695,27.52911171,890.3918369
600,,8.663656543,,4.234601429,25.085233,1058.399277
600,,10.23178937,,4.014110857,23.87788414,1229.10734
600,,11.95802614,,4.497003143,23.46570771,1413.150025
600,,13.63425051,,4.435047429,24.97215814,1619.187866
600,,2.300779971,,5.464610429,24.77883643,505.0912935
600,,3.739848514,,5.726101286,24.70223729,679.78064
600,,5.449952143,,5.831791,26.22692571,876.1987032
600,,6.9825924,,5.686012143,25.15453714,1079.734436
600,,8.591057829,,5.993058857,25.03051957,1297.770438
600,,10.2253362,,5.210408571,27.38685629,1521.60593
600,,2.184621943,,7.141978429,25.65425557,561.850708
600,,3.672089657,,6.946087857,23.87788414,772.5270919
600,,5.298301543,,6.961577,25.876758,1021.979239
600,,6.884180657,,7.173867429,24.94662514,1278.078003
600,,2.287873629,,7.297779429,24.90285414,606.5243454
600,,3.770501229,,8.484054857,24.23899471,876.2385861
600,,5.287008257,,8.394765429,21.01453371,1173.352906
600,,2.402418171,,9.354172286,25.51564757,651.0904403
600,,3.796314171,,9.965532429,24.06026314,983.8788148
600,,5.443498971,,10.20151214,25.61048471,1327.942627
600,,3.820513714,,11.10442971,23.53865914,1092.178171
600,,3.931831714,,13.02506614,24.34842214,1209.589844
625,,5.563317917,,0.718597833,24.877321,414.965546
625,,7.112203229,,1.006663,25.23052833,438.317055
625,,8.735591696,,0.641152714,25.88405314,460.9410976
625,,10.34553598,,0.389684143,25.20925086,491.8079643
625,,12.002535,,0.73682,25.18371786,520.7341465
625,,13.60183604,,0.653756333,25.37096017,557.0179061
625,,15.26247635,,0.649504667,22.91553083,597.423729
625,,16.87774241,,0.810620571,25.24207929,647.098526
625,,2.176496786,,1.774583429,24.69129457,380.882176
625,,3.823412768,,1.564115,26.65369271,433.2113034
625,,5.391344107,,1.382802571,22.94410343,495.7614747
625,,7.061787321,,1.852028286,26.13573629,556.5029448
625,,8.64652375,,1.498514571,24.11132929,623.0794244
625,,10.28055563,,1.555155833,23.49853567,695.4101105
625,,11.76053938,,1.606937571,25.98253786,774.4897841
625,,13.57718848,,1.478470143,23.00611243,861.2546841
625,,15.13335571,,2.072518571,25.36609686,948.1890795
625,,16.82900705,,1.709893857,25.68343614,1041.700974
625,,2.332785804,,2.886147,24.75330329,413.7740899
625,,3.789802232,,2.973614143,24.60740014,507.1591221
625,,5.416551875,,2.424210286,23.61161086,613.0287858
625,,7.028176786,,3.019170143,24.52715343,716.495247
625,,8.663329018,,2.705745714,24.41772614,831.9264832
625,,10.2329408,,2.652900857,26.20504029,953.1626128
625,,11.94707786,,3.234194,24.651171,1082.138184
625,,13.6360067,,2.905280571,23.62984871,1222.148621
625,,15.22578491,,2.951747429,25.61048471,1377.165405
625,,16.93488027,,3.338061571,24.22075671,1545.264893
625,,2.326063839,,4.517959,27.189887,467.3591917
625,,3.801565982,,4.481514429,24.02013957,594.7415163
625,,5.42999625,,4.505203429,25.60683714,741.5268329
625,,6.981122054,,4.079711429,25.29679271,893.7196348
625,,8.659968036,,4.438691857,26.07737514,1056.104432
625,,10.31360589,,4.484247571,26.27069671,1230.634888
625,,11.88321759,,4.569892714,25.30408786,1412.087692
625,,13.54693884,,4.601782,24.209814,1609.053772
625,,2.305897321,,5.536588571,25.42445814,508.6110303
625,,3.746108571,,6.158882286,25.42081043,682.2657239
625,,5.361094464,,5.633167286,24.921092,876.6560594
625,,6.984483125,,6.260927429,25.61048471,1078.635635
625,,8.559136518,,5.645922857,24.59281,1291.356293
625,,10.13547018,,5.816301857,27.55464486,1503.406342
625,,2.329424732,,6.964310429,25.37703957,557.5312955
625,,3.741066964,,6.721953,24.47973486,775.104553
625,,5.357733571,,7.063622286,24.99404357,1019.556137
625,,6.987844107,,7.028999857,24.95392029,1270.979919
625,,2.300855893,,8.034873714,25.39892529,600.6495745
625,,3.825093393,,9.33595,26.98562243,877.3997956
625,,5.408149375,,8.168808143,25.83298729,1168.006897
625,,2.314300089,,9.93911,26.442133,630.8848573
625,,3.764594286,,10.20151214,25.86216757,974.5468748
625,,5.505619821,,10.45935829,24.10403414,1323.146377
625,,3.796524375,,11.82056857,25.14724186,1081.45575
625,,3.803246429,,12.84102029,25.97524271,1201.155304
652,,5.534183254,,0.41086775,26.43483775,418.5931652
652,,7.135663062,,0.5017515,24.98902813,439.9488606
652,,8.773958703,,0.57748825,25.74863675,465.7922694
652,,10.3878809,,0.695212333,25.73409733,494.2744976
652,,11.96157855,,0.513710125,26.42207138,528.1009576
652,,13.59711281,,0.5036652,25.3905358,567.2490012
652,,15.18482108,,0.551357,26.23341033,603.8690576
652,,16.78411926,,0.5023894,25.0637124,650.6204328
652,,2.18058616,,1.6185087,24.1751619,387.3101973
652,,3.750159111,,1.552675444,24.48297711,439.4382741
652,,5.447359657,,1.5100858,23.9811107,499.9571685
652,,6.96539085,,1.6019265,24.5836909,563.9652101
652,,8.603686376,,1.5853441,26.9199659,629.1620206
652,,10.30456849,,1.5719506,25.6969322,698.9157715
652,,11.82137242,,1.644658,25.1760579,780.5723487
652,,13.54584362,,1.652594667,24.22197256,854.8014915
652,,15.21822781,,1.7632854,25.6662925,948.1789216
652,,16.85652334,,1.6822871,25.7224654,1046.10614
652,,2.249308785,,2.9119316,25.7582117,425.46698
652,,3.658120132,,2.9948434,27.1804032,519.0294576
652,,5.415452798,,2.7263368,25.1632914,621.5835015
652,,7.020614206,,2.8621846,24.8288082,727.8888157
652,,8.511647252,,2.6893456,26.6901685,837.9346213
652,,10.18798561,,3.2461297,25.3547894,961.0864035
652,,11.87168707,,2.9495609,25.3726626,1082.787415
652,,13.52225447,,3.1938315,27.4255206,1218.719004
652,,15.14582367,,3.239114,25.6765059,1367.925038
652,,16.71539663,,2.8800425,24.9922199,1530.986877
652,,2.294714652,,4.3354621,25.0739255,471.1498858
652,,3.691254186,,4.4381451,24.0321768,603.0420532
652,,5.365138089,,3.7582689,24.5990107,753.8552465
652,,6.902804326,,4.4100827,25.6765058,901.3791671
652,,8.543554046,,4.4662075,25.1428648,1064.924849
652,,10.23093728,,4.6237398,25.5003278,1230.354614
652,,11.85818806,,4.491081,25.9088568,1411.320135
652,,13.46089508,,4.5771816,25.4492616,1601.166748
652,,15.12864308,,4.5924884,27.2135962,1812.309282
652,,2.28857881,,5.7373081,25.8654507,512.9762296
652,,3.78206618,,5.3820631,24.918174,688.1287893
652,,5.324640934,,5.6881986,25.9624761,884.2181563
652,,6.910167297,,5.4585969,26.3250455,1081.592143
652,,8.649092112,,5.7200878,25.3420228,1293.392334
652,,10.22848283,,5.8272354,27.8519227,1515.756137
652,,2.275079737,,7.1187449,24.5479445,565.0641757
652,,3.77224856,,7.0779268,24.7675289,776.1068117
652,,5.417907252,,6.9879995,27.1855098,1023.304937
652,,7.048839612,,7.0237152,26.1207811,1270.626455
652,,8.565643545,,7.3317643,27.8161765,1534.431396
652,,2.326621511,,7.894926,25.5233076,603.3713937
652,,3.709661971,,8.6940676,26.4067513,876.7846125
652,,5.409317022,,8.2763201,25.3777691,1169.897727
652,,6.96539085,,8.8509622,25.0688191,1470.594327
652,,2.31803115,,9.5346648,25.7045922,645.3343912
652,,3.804155353,,9.8701385,25.7173586,971.5410875
652,,5.40195379,,10.2081633,26.9940118,1328.693715
652,,3.783293374,,11.6623072,25.7505519,1080.08505
652,,3.8311535,,13.0029259,24.4943252,1198.686279
652,,3.883922663,,13.9532218,25.9956692,1308.033958
682,,5.418168693,,0.32795575,25.76778663,430.7646707
682,,7.114195789,,0.40209825,25.41989863,453.3198187
682,,8.738017244,,0.436379,25.68799575,477.5610253
682,,10.4388579,,0.43319,24.65390675,505.6284066
682,,12.01454217,,0.43319,25.35287438,537.1269307
682,,13.63854204,,0.587498,25.88729578,571.8542786
682,,15.30729139,,0.596001778,26.64761333,614.381176
682,,16.92754705,,0.661197333,25.60075767,661.6833544
682,,18.62375242,,0.779187,26.24014825,716.2659524
682,,2.154123522,,1.484645222,24.02621911,397.0051492
682,,3.751986649,,1.3474511,26.3914316,448.8456422
682,,5.4417024,,1.238744889,25.38230822,512.3515217
682,,6.941865148,,1.6848382,25.1505249,572.6933036
682,,8.690201133,,1.8557639,26.1871671,635.7942912
682,,10.26267626,,1.6529492,25.7428916,708.669084
682,,11.94169492,,1.4801099,26.9250726,785.0114135
682,,13.59889143,,1.4858501,27.5148862,864.0953424
682,,15.28304446,,1.565573,25.4824545,954.352317
682,,16.94152469,,1.7109871,25.7760848,1044.611539
682,,18.60513943,,1.6063911,25.536074,1150.791582
682,,2.205184392,,2.7607773,24.9590266,432.9666525
682,,3.746852008,,2.7301635,25.2041444,527.140396
682,,5.360404363,,3.023118444,27.06181611,630.6490866
682,,6.988076649,,2.8583578,25.8348108,734.961609
682,,8.601628974,,3.0445904,25.7709783,848.8213834
682,,10.24113948,,2.898396556,25.50713667,966.6360307
682,,11.93527676,,2.7958552,25.4952213,1089.758179
682,,13.54882881,,2.9712455,25.2118041,1219.77948
682,,15.17521767,,3.0968887,25.6330997,1366.790206
682,,16.80032287,,3.4406533,25.5743736,1519.311302
682,,18.54865872,,2.8864203,25.8756637,1696.423162
682,,2.256530672,,3.943226,23.9325978,471.8942691
682,,3.735299201,,4.4655698,24.6526302,611.7019265
682,,5.433572566,,4.224488,24.4713453,760.2988002
682,,6.916192076,,3.893479,25.7403385,910.113693
682,,8.605479887,,4.3258955,26.4603709,1067.987382
682,,10.22930136,,4.2448969,25.3905355,1233.450562
682,,11.86339211,,4.2582905,25.6765058,1405.199707
682,,13.53727607,,4.4617432,26.2356799,1592.021862
682,,15.18933786,,4.7359896,25.0100932,1793.721721
682,,2.287338181,,5.4343614,26.6212293,518.8109022
682,,3.749419329,,5.6620496,26.1463141,696.2783202
682,,5.355269691,,5.5529889,25.5309673,887.9265469
682,,6.959836325,,5.5663823,25.8654506,1085.400757
682,,8.602912635,,5.9031314,27.1829564,1294.656016
682,,10.2408543,,6.1218908,26.3505787,1510.777855
682,,2.364357395,,6.5032848,26.9071995,563.4659312
682,,3.772525148,,6.9376146,25.043286,784.9372112
682,,5.425870604,,7.1200203,26.702935,1022.537191
682,,6.984225805,,7.1512719,26.7131481,1266.461847
682,,8.559268386,,7.3139063,26.0722682,1527.795268
682,,2.28990557,,7.6563956,29.2256014,597.6475983
682,,3.73401554,,8.4166324,27.4127541,876.2729882
682,,5.415601457,,8.4587259,25.5896935,1172.137817
682,,6.890519005,,8.2878001,25.160738,1462.930287
682,,2.282203607,,9.4205018,25.0637123,636.3395385
682,,3.805900045,,10.0742288,25.0534992,975.1891757
682,,5.406615834,,10.0991023,24.1292025,1321.307051
682,,3.762255933,,11.3759431,26.3275989,1082.096424
682,,3.820020446,,13.1897964,25.7505518,1187.104869
682,,3.859813646,,14.3416312,26.1207811,1297.114237
698,,5.367922334,,0.293105714,25.33326843,467.0552639
698,,7.025147338,,0.376928571,26.32541057,486.276489
698,,8.596508147,,0.4236235,25.45500663,509.9614931
698,,10.1281431,,0.705842,26.3156835,538.452124
698,,11.77582765,,0.526465625,24.91562075,568.6064027
698,,13.39176265,,0.57111075,25.49968938,603.3437774
698,,14.84769945,,0.601063714,26.89078529,639.7867984
698,,16.70574344,,0.624752714,25.67978857,680.8046876
698,,18.28226562,,0.65561675,26.19227388,729.0127868
698,,2.18203429,,1.35638,26.45079588,417.9223633
698,,3.645243663,,1.460817125,26.01992575,470.49625
698,,5.287454177,,1.505461875,25.496498,526.6452501
698,,6.893535948,,1.900886875,26.22099838,589.5397464
698,,8.565306238,,1.590765375,26.54016163,649.4059857
698,,10.16646144,,1.718321625,24.478367,717.8388306
698,,11.69864386,,1.708755125,25.24116738,788.4841849
698,,13.36056074,,1.8020305,26.42526288,862.1959471
698,,14.88124762,,2.0388075,25.295425,949.5463524
698,,16.68134495,,1.843828286,26.555208,1046.197144
698,,18.21986146,,1.810003,25.07520225,1145.087443
698,,2.160685524,,2.796971375,26.42526275,443.0625122
698,,3.686298889,,2.993089375,26.91358275,537.8168217
698,,5.208628077,,2.5665725,25.9082185,636.7814208
698,,6.786792291,,2.814510375,27.90618037,739.234382
698,,8.41258061,,2.596069875,25.18690938,847.4534483
698,,10.00059814,,3.43555125,27.00614013,960.1845023
698,,11.65594641,,2.902205375,26.52420363,1084.060486
698,,13.26202801,,2.526711125,24.59326563,1208.65874
698,,14.93544052,,3.26494425,26.990182,1343.543132
698,,16.57272428,,3.5248405,25.43266525,1502.382121
698,,18.20672379,,2.797768625,25.86672725,1661.94614
698,,2.231300526,,4.26147925,26.97741538,484.3547977
698,,3.655096893,,4.357944125,26.546545,613.9829782
698,,5.246398951,,4.31409625,26.08375825,754.4972737
698,,6.803214225,,4.155447875,24.76561388,900.349683
698,,8.373167691,,4.28699075,27.03167313,1056.258585
698,,10.06628657,,4.06217225,26.22099825,1218.550879
698,,11.637882,,4.519781375,25.0049865,1386.538696
698,,13.22097296,,4.5413065,26.11886625,1564.08114
698,,14.87467883,,4.352363125,25.97205125,1759.369605
698,,2.219805077,,5.38876,27.1050805,523.1900881
698,,3.719143105,,5.458118875,26.60399438,693.3888009
698,,5.151150569,,5.545016625,27.00933175,880.001302
698,,6.763801306,,5.356073625,25.79651125,1074.377577
698,,8.496333368,,5.71642075,27.2040215,1276.735889
698,,10.01045137,,5.52907175,27.19763813,1480.442676
698,,11.67401056,,5.77382075,27.07635588,1702.32522
698,,2.290419992,,6.421170375,25.876302,559.0503967
698,,3.661665771,,7.133892,26.54973663,780.357551
698,,5.335078106,,7.052575125,25.82523588,1011.901062
698,,6.817994375,,6.880373625,26.6550605,1255.43693
698,,8.429002805,,7.307688125,26.56888625,1495.310411
698,,2.32490634,,7.85936975,26.26248963,601.4383679
698,,3.627179249,,8.53541925,28.0785285,871.0583006
698,,5.161003886,,8.4628715,26.92954088,1149.41665
698,,6.865618304,,8.71240375,27.28062038,1441.822339
698,,2.323264295,,8.385540375,26.52101188,593.8772645
698,,3.678087966,,9.935351625,26.10929113,965.0638915
698,,5.231618975,,10.07327213,25.54437238,1296.891439
698,,3.85708867,,11.30578675,26.55611988,1066.799353
698,,5.341647071,,11.56807488,25.94332625,1453.226725
698,,3.845593221,,12.22180175,27.69553263,1172.642529
698,,3.832455552,,14.7545955,27.24870413,1275.623547
732,,5.379103586,,0.844028333,25.71140083,465.9665628
732,,7.017001149,,0.229327429,26.20868786,487.4415343
732,,8.799973796,,0.783173375,25.86034388,511.7402549
732,,10.32953664,,0.601974714,26.07372729,538.6209718
732,,12.00155029,,0.504143375,28.32109275,569.3980347
732,,13.52397806,,0.364172857,24.57092414,603.4223499
732,,15.21272182,,0.646619286,24.88461614,641.7605102
732,,16.81289473,,0.493551571,26.51873229,687.354207
732,,18.50459061,,1.21845975,26.16674063,738.3100101
732,,20.10771614,,0.684886429,25.93511929,793.7429809
732,,2.212545305,,1.478356125,26.61356925,422.8699216
732,,3.762528586,,1.40740275,26.93273263,474.8002116
732,,5.22467928,,1.406605375,23.73152513,530.5249391
732,,6.907272139,,1.39385,25.799703,593.7316957
732,,8.607086946,,1.514231375,26.88804938,660.1556762
732,,10.11057075,,1.74622475,26.64548563,728.0135679
732,,11.79316361,,1.384283125,26.46037088,803.7014973
732,,13.47058974,,1.6752715,24.83583,882.4668824
732,,15.17212694,,1.8331225,25.32095788,968.7260537
732,,16.73760978,,1.60670975,26.45717913,1061.047156
732,,18.33237032,,1.833919875,27.8806475,1161.122762
732,,20.16307277,,2.0388075,27.20721288,1278.750281
732,,2.169490163,,2.944458375,26.15716575,452.3942872
732,,3.764250708,,2.89423325,25.920985,545.458537
732,,5.307344955,,2.98830625,25.05605238,642.1082596
732,,6.891772314,,2.910974875,25.834811,746.8004696
732,,8.458977543,,3.208341125,27.32211163,854.305383
732,,10.08473765,,2.659848,26.60718588,967.0314335
732,,11.76560839,,3.38133975,25.56990538,1087.787435
732,,13.2673698,,2.966781,27.68276613,1215.927775
732,,15.04985028,,3.05208425,26.40930463,1355.135364
732,,16.72899871,,3.0592595,25.4486235,1503.170606
732,,18.38231413,,2.609622625,26.29759775,1675.822428
732,,20.00462999,,3.26175525,27.47211838,1836.774097
732,,2.131601934,,3.94816875,27.15933838,488.0612151
732,,3.703973619,,3.67312475,26.87209163,613.746989
732,,5.262567692,,4.077319875,25.66884588,751.710856
732,,6.945160643,,3.850907125,25.5507555,898.4096273
732,,8.534754549,,4.02390525,27.04763125,1052.569621
732,,10.16912563,,4.05101125,25.30819138,1211.385559
732,,11.74838635,,4.28539625,25.2730835,1374.825982
732,,13.44820106,,3.963316,26.06460838,1547.456177
732,,14.92585176,,4.207268,26.42526288,1740.135932
732,,16.78583156,,4.4855005,25.3081915,1932.76317
732,,2.26248939,,5.76584875,26.4029215,532.946875
732,,3.710862379,,5.430215875,26.06141675,699.3592343
732,,5.224679372,,5.140821875,26.03269213,877.8099367
732,,6.85216169,,5.56255575,26.441221,1072.415466
732,,8.526143484,,5.421446125,27.48169337,1274.522596
732,,10.05718233,,5.57531125,26.7763425,1478.054517
732,,11.79488564,,5.40390725,26.21780675,1691.941962
732,,2.174656985,,6.63961075,27.743407,569.8705263
732,,3.664362995,,6.877184625,26.39653813,783.2401245
732,,5.264289996,,6.70817225,27.73064075,1010.191691
732,,6.836661681,,6.79507025,25.850769,1247.480048
732,,8.469310821,,6.864429125,27.7753235,1505.191235
732,,2.22115637,,7.314863125,25.76459488,599.7108153
732,,3.710862471,,8.627100625,27.01252325,871.5754878
732,,5.31423399,,8.686892625,26.355047,1148.928467
732,,6.934827365,,8.49874675,27.69872438,1436.61117
732,,2.298655589,,7.682385125,26.21461513,605.968494
732,,3.796972664,,9.845265,26.7571925,964.934109
732,,5.310789473,,10.47985863,26.70612663,1291.207508
732,,3.722917871,,10.83462488,25.97205088,1060.16413
732,,5.379677535,,10.8752835,28.24768525,1399.091626
732,,3.769417439,,11.06103775,25.56990525,1102.414239
732,,3.818404475,,13.056854,25.50146267,1190.547818
750,,4.866390536,,0.291283571,26.234221,464.1415163
750,,6.727741714,,0.682153,25.989833,484.1387084
750,,8.469355313,,0.69946425,27.52318463,510.2894073
750,,10.1368575,,0.43159575,25.64969625,537.8342286
750,,11.74436522,,0.389342625,26.32951388,569.3066709
750,,13.35187284,,0.40449,26.64229388,601.7882082
750,,14.99290688,,0.445945625,25.60820488,639.6015961
750,,16.60570809,,0.520087875,26.84017513,682.704854
750,,18.30925768,,0.788754,25.07429029,730.5479923
750,,19.9618875,,0.520885125,26.40930463,783.377161
750,,2.081674313,,1.52618975,25.96885938,421.5282868
750,,3.802113094,,1.578009875,25.79970288,476.8318392
750,,5.30727675,,1.655340625,26.66463538,533.8528917
750,,6.927136125,,2.083452,27.4210525,595.5028617
750,,8.368775906,,1.73586075,28.79664613,655.1586576
750,,10.24273088,,1.843486625,26.38058,723.1676247
750,,11.72671978,,1.7972475,28.36896713,795.6326021
750,,13.35187275,,1.89530625,26.607186,872.4166873
750,,14.99114222,,1.9271955,27.5678675,957.2017006
750,,16.59512081,,1.769344375,26.91677438,1046.500537
750,,18.23262591,,1.670488125,26.97422375,1142.61788
750,,19.88601188,,1.882550875,25.74863675,1252.186279
750,,2.002269375,,2.994684,24.22941963,449.8742218
750,,3.585073125,,2.958011375,26.8625165,547.1542728
750,,5.160818813,,2.805740625,26.80825888,645.0787356
750,,6.694215094,,2.439813,26.01673413,746.280255
750,,8.312310094,,2.827266125,27.36360275,853.9561291
750,,10.07686284,,2.928514,26.04226713,965.7564883
750,,11.66143116,,2.9787395,28.05618725,1081.115479
750,,13.20365034,,3.236243875,27.2295545,1203.546607
750,,14.91879572,,3.053678875,27.44339388,1335.128418
750,,16.61100188,,3.3462615,25.88906863,1482.059009
750,,18.08087428,,3.22667725,27.33487813,1642.767944
750,,19.79954869,,3.225082875,29.05835975,1808.18491
750,,2.076380531,,4.249521,25.39436563,487.9666744
750,,3.623893219,,4.353160625,26.249723,623.3362485
750,,5.213755406,,4.064564125,26.07099175,763.4343375
750,,6.838908563,,4.212051375,26.90400788,909.129964
750,,8.405831438,,4.326852125,26.52739513,1066.350171
750,,10.05568819,,4.266262625,25.33691625,1227.368123
750,,11.71083881,,4.3882385,28.51259063,1387.792029
750,,13.23364763,,4.086089125,25.38798225,1563.255359
750,,14.9434995,,4.73104675,25.91460163,1746.950256
750,,16.547478,,4.799608375,27.74979063,1952.907878
750,,2.171666344,,5.4613075,29.438164,527.930255
750,,3.705062625,,5.79136,26.94549913,705.4264283
750,,5.354919563,,5.4541325,27.16572163,891.5999487
750,,6.725977219,,5.764254375,27.00614013,1080.194995
750,,8.35289475,,5.647859,27.12742213,1280.784248
750,,10.01333888,,5.763457,26.09014138,1481.82185
750,,11.61555291,,6.080754125,28.07214538,1689.913262
750,,2.157549938,,5.69409825,26.581653,554.0422607
750,,3.641538844,,7.121136625,27.26466238,788.9522825
750,,5.162583281,,6.923424125,27.39551925,1015.77583
750,,6.725977125,,7.442419375,27.571059,1253.660767
750,,8.356423969,,7.19208975,26.62314413,1505.587389
750,,10.09097925,,7.817914,28.46152463,1754.537666
750,,2.071086938,,7.298121125,27.519993,578.0300702
750,,3.542724,,9.013756,26.10609975,875.1607056
750,,5.081413969,,8.627897625,27.36679463,1147.520264
750,,6.801852844,,9.00976975,26.8976245,1438.111108
750,,1.9969755,,7.442419375,26.5688865,574.5856748
750,,3.705062625,,9.9871715,28.80622075,967.1769611
750,,5.29316025,,9.67226625,26.68697688,1291.4372
750,,6.793030219,,10.019858,26.15716563,1630.924411
750,,3.770351156,,11.10249363,26.54335313,1062.08865
750,,5.377858875,,12.3605195,26.99975688,1440.072347
750,,3.641538844,,12.52793762,26.61676075,1168.293433
750,,3.80721075,,14.87665989,27.334169,1264.453803
769,,5.059974959,,0.517240857,29.01732457,468.6867246
769,,6.999496005,,0.804243,28.17473357,492.2936766
769,,8.566827642,,0.450729143,26.66098757,517.2421022
769,,9.961246306,,1.224040375,28.79983775,544.3479307
769,,11.55881824,,0.461093125,26.24334,575.2434328
769,,13.27502553,,1.058444714,27.37956129,606.2417599
769,,14.92041349,,0.517696125,26.53697013,641.391675
769,,16.40943012,,0.405287,26.1252495,681.5907836
769,,18.10108353,,1.305357375,26.79868375,728.9795941
769,,19.70589252,,0.750486875,26.51462875,780.3331483
769,,21.3536065,,0.714953143,27.17894414,839.6760377
769,,1.995097253,,1.9200205,26.2720645,427.9925138
769,,3.547437949,,1.845878375,27.13061375,478.4072387
769,,5.076258396,,1.491908875,25.850769,537.0515866
769,,6.729917054,,1.558876125,25.34968288,596.6346433
769,,8.280448389,,1.76216925,26.69336013,658.1508848
769,,9.916014976,,1.536553875,26.415688,725.2550415
769,,11.45569063,,1.8992925,28.66578913,791.7676187
769,,13.15639026,,1.325288375,26.66144363,864.1847717
769,,14.73406028,,1.586779125,26.87528313,947.1305052
769,,16.32982295,,1.884145125,28.93388613,1030.119531
769,,17.95091532,,1.84428375,25.83161925,1125.356348
769,,19.53944102,,1.78927525,27.5327595,1228.804091
769,,21.18948144,,1.786883375,28.640256,1344.955743
769,,2.043947209,,2.781824,26.71889313,456.745276
769,,3.590860015,,3.03454525,27.65084975,549.1272031
769,,5.103396983,,2.58411175,24.94115375,644.9268056
769,,6.682876555,,2.753124,26.08375813,748.2814086
769,,8.180939501,,3.141374,25.61777975,853.958923
769,,9.753181821,,2.891044375,26.78272575,962.5025392
769,,11.36160934,,3.07440675,26.75080938,1071.599332
769,,13.05326256,,3.234649625,27.762557,1192.064995
769,,14.74672523,,2.833643875,27.18168,1322.363281
769,,16.40038389,,2.930108375,27.50403475,1457.155127
769,,17.92558581,,3.156521375,26.5146285,1617.300673
769,,19.58105382,,3.26733575,26.58165288,1779.045032
769,,21.31793837,,3.096729125,27.62850838,1947.983534
769,,2.100034128,,3.8843905,27.90298888,486.708765
769,,3.46963995,,4.250318125,26.31355575,624.156101
769,,5.179385814,,4.243940375,27.02528988,759.7348757
769,,6.619552481,,4.430491875,27.04443963,904.0424399
769,,8.247882008,,4.28539625,27.4625435,1059.040356
769,,9.885257379,,4.31887975,24.64114013,1216.111768
769,,11.46654622,,4.288585125,25.77416988,1378.309558
769,,13.12020516,,4.21524025,24.51028325,1545.387451
769,,14.71053984,,4.373091375,27.34764475,1728.733814
769,,16.2701175,,4.513403375,27.2359375,1910.52599
769,,17.96538934,,4.415344625,25.54118075,2128.595326
769,,2.06565829,,5.20220875,26.25929788,520.6348606
769,,3.612571096,,5.57690575,26.33908888,702.1147736
769,,5.01836202,,5.431013,26.929541,879.3187866
769,,6.56346585,,5.863110625,28.39450025,1070.704522
769,,8.227980096,,5.651047875,27.74659875,1268.843303
769,,9.856309431,,5.8527465,25.11988513,1474.587077
769,,11.47740161,,5.274756375,25.6911875,1670.957141
769,,13.08944766,,6.307963875,28.37215863,1898.458667
769,,2.080132408,,5.93884725,27.16891338,549.3173152
769,,3.531154663,,6.4985015,26.31036413,786.3348021
769,,5.09073213,,6.674688875,26.92634925,1007.099353
769,,6.67744876,,7.054966625,26.99337363,1243.126672
769,,8.322061382,,7.218398375,27.90618025,1490.151855
769,,9.905159387,,7.231153875,27.20721288,1669.815097
769,,2.166976443,,6.8349315,27.146572,569.1351112
769,,3.632472912,,9.163635,27.823198,872.9407228
769,,5.139582182,,8.737117875,26.02950038,1138.715698
769,,6.767911517,,7.870530875,27.05720625,1423.966688
769,,8.264165103,,9.000203125,26.44441263,1726.157934
769,,2.212207773,,7.164984125,28.13916938,565.7939637
769,,3.547437949,,10.04536938,27.45296863,964.1067232
769,,5.107015416,,9.975213125,26.13163275,1279.870551
769,,6.670211605,,10.27656525,27.6444665,1614.29292
769,,3.590860015,,11.9164635,27.42424375,1056.576623
769,,5.090732226,,11.40623775,29.45412213,1419.745263
769,,3.648756295,,13.30922113,28.04022913,1157.159546
769,,5.213761556,,13.0413525,27.61574175,1577.47749
769,,3.710672874,,14.43162956,28.27889222,1256.775228
789,,8.240164399,,0.589218857,25.530238,521.6645082
789,,10.00065298,,0.7589905,26.31993917,551.184285
789,,11.63853673,,0.750486875,26.58165288,577.5372068
789,,13.05242595,,0.487933,24.46453667,607.95459
789,,14.86665902,,0.751284125,26.26568138,644.7641114
789,,16.38458985,,0.622930429,27.06222157,667.4539119
789,,17.94318276,,0.626119333,26.71570167,709.9420475
789,,19.51857077,,0.61575525,26.14120775,756.781508
789,,21.05824702,,0.806065143,26.832424,807.960059
789,,3.565446619,,1.8570395,26.49867038,475.8421327
789,,5.024505954,,1.2136765,23.4921525,527.1262205
789,,6.780574673,,1.62584325,26.0901415,581.5518186
789,,8.213645729,,1.387472125,26.38058,638.711873
789,,9.852766995,,1.6896215,27.22317113,700.2758792
789,,11.31925141,,1.61388475,25.86991888,763.7765303
789,,12.91196498,,1.433711375,27.197638,830.7957884
789,,14.5659369,,1.54054,28.04022888,902.1441287
789,,16.23475918,,1.739846875,26.13482425,981.2166809
789,,17.8611515,,1.861139429,27.50722629,1067.954724
789,,19.48886986,,1.708755125,26.29440563,1159.222839
789,,21.1539795,,1.493503375,28.997719,1264.859619
789,,2.059979685,,3.281685875,28.04661213,447.8096787
789,,3.5543087,,2.665428625,27.19444625,537.066386
789,,5.054206872,,3.2968335,25.34010775,628.767741
789,,6.581949545,,3.142968375,27.101889,726.3506949
789,,8.105979874,,2.640714625,27.36041125,823.3470704
789,,9.700549663,,2.541858375,26.25610625,927.0804445
789,,11.42320482,,2.643903625,27.54233425,1033.161719
789,,12.9138213,,2.75312375,27.81362325,1146.035237
789,,14.52324165,,3.060056625,25.12307687,1268.501709
789,,16.17906999,,2.956417,26.30078913,1398.629964
789,,17.86088621,,3.068826,27.79766487,1539.801392
789,,19.42575538,,3.09035125,25.23797563,1682.173318
789,,21.01846885,,3.123037625,28.26683488,1852.121582
789,,1.970876731,,3.941791,26.65825213,480.2862062
789,,3.509757322,,4.04064725,26.36143038,604.290588
789,,5.052350454,,4.6250155,27.4721185,737.6468917
789,,6.665483441,,4.006366375,27.72744888,876.7583981
789,,8.20436413,,3.948966125,26.4890955,1020.081823
789,,9.839772855,,4.437666625,26.01354225,1170.495768
789,,11.34895253,,4.46317825,27.77851525,1322.226441
789,,13.04190677,,4.08449475,27.69872425,1483.14801
789,,14.61791346,,4.535725875,28.65621413,1652.366748
789,,16.24218446,,4.2758295,28.34024238,1831.844483
789,,17.72723198,,4.2479265,27.09550575,2021.173535
789,,2.033991208,,5.61038925,26.24972325,516.5552004
789,,3.41322909,,5.19423625,26.98699013,687.4207158
789,,4.981810797,,5.897391375,26.65825225,860.5492674
789,,6.65991458,,5.5896615,27.85192263,1042.482617
789,,8.174663211,,5.723595625,29.56263788,1231.212958
789,,9.685699006,,5.613578125,27.31892,1426.609912
789,,11.30811359,,5.448552125,26.1603575,1622.95166
789,,13.03097523,,5.500549,27.74553511,1835.543152
789,,2.143513482,,5.836802125,25.22840075,544.2615971
789,,3.578440758,,6.750425375,28.17108588,776.1581788
789,,5.08947675,,7.41850275,30.79779963,995.2855226
789,,6.732310458,,7.157809,26.38058,1229.844704
789,,8.191369991,,6.99358,27.7848985,1471.833618
789,,9.733963122,,7.5508425,28.84132875,1723.632067
789,,2.069260988,,6.7711535,29.38390638,552.9151072
789,,3.480056305,,8.898955125,27.101889,863.066992
789,,5.158160187,,9.094276,29.53072125,1127.757996
789,,6.635782522,,8.409457125,27.52956775,1414.966729
789,,8.284185386,,8.658192375,27.06039763,1704.980017
789,,2.104531063,,6.838918125,27.136997,560.9502563
789,,3.673112474,,9.68502225,27.52956775,955.1644152
789,,5.167441785,,9.922596,25.75501988,1266.150573
789,,6.550392405,,10.1577785,26.41568788,1604.149512
789,,3.613710735,,11.631853,28.49663238,1044.766358
789,,5.237981443,,11.47001575,27.47211838,1401.88031
789,,3.678681532,,13.34429913,27.70829925,1136.504123
789,,5.184148466,,13.03258288,25.72629538,1552.825977
789,,3.63557375,,14.14037544,28.32428422,1244.710864
833,,6.886289278,,0.7345425,27.90618038,524.2881196
833,,8.525882949,,1.114023,27.5991452,547.8452638
833,,10.10367663,,0.649504667,28.94133317,578.1925051
833,,11.67676687,,0.313606,27.5838255,607.8393892
833,,13.34728871,,0.760508857,29.334664,640.3367068
833,,15.03983527,,0.465610667,26.545481,675.3831544
833,,16.56196985,,0.57031325,27.692341,715.1287963
833,,18.27878077,,0.91949925,26.43483775,759.0869274
833,,20.02302956,,0.592635625,28.37854213,811.6759034
833,,21.64576875,,0.67235875,27.69553263,868.129663
833,,23.20579334,,1.06140575,26.7859175,930.2231871
833,,3.54365935,,1.428358286,31.35177571,505.6008176
833,,5.018571247,,1.467194875,27.28381213,560.552043
833,,6.852971985,,1.34761075,26.99656513,621.7496094
833,,8.326764316,,1.739846875,27.18167975,679.5456137
833,,9.937744457,,1.5915625,27.98597125,744.6245395
833,,11.60555967,,1.739846875,28.7391965,814.7548218
833,,13.2596562,,1.751008125,28.10406163,887.0586347
833,,14.83144005,,1.531770125,27.34445338,965.6162295
833,,16.55217065,,1.778114,26.68697688,1047.303577
833,,18.24938337,,1.915237,26.5242035,1136.523303
833,,19.82508679,,1.71034925,27.17848813,1241.36027
833,,21.58697373,,1.941545625,27.72425738,1350.520337
833,,23.26066857,,2.04119925,27.61574175,1466.587207
833,,1.990633949,,2.889449875,27.96362988,470.2281496
833,,3.517341355,,2.604839375,28.92431113,561.3539497
833,,5.07344658,,2.56099175,26.824217,650.8020262
833,,6.753020836,,2.830455,27.934905,748.7024133
833,,8.283648027,,3.182829875,27.954055,844.994293
833,,9.976941272,,2.86154675,28.0529955,948.324171
833,,11.59380073,,2.530697125,26.61356913,1059.668189
833,,13.22829896,,3.303211125,26.99975663,1167.845446
833,,14.78244403,,2.82806325,27.874264,1292.384765
833,,16.49729542,,2.68456225,27.21678788,1420.228624
833,,18.1925483,,3.41243125,27.2455125,1559.821143
833,,19.84272505,,3.229069125,27.51999288,1718.224366
833,,21.50858063,,3.181235375,27.34764475,1880.4265
833,,23.1646369,,2.742759875,25.1869095,2040.725904
833,,1.998473416,,3.986435875,27.56467563,502.5048549
833,,3.550658647,,4.051011125,27.73702375,630.3717653
833,,5.020531192,,3.498532125,28.89558663,758.617737
833,,6.645230219,,4.50862025,27.65085,897.5394044
833,,8.201335132,,4.04463325,27.69553275,1043.172974
833,,9.97106175,,3.724944875,27.676383,1187.608215
833,,11.50168873,,4.334027,26.66144363,1341.1325
833,,13.16754421,,3.925049,24.8134885,1499.619602
833,,14.77068509,,3.992813375,31.45208425,1674.812158
833,,16.44829971,,4.158637,27.606167,1853.075406
833,,18.18862872,,3.925049125,27.354028,2038.577246
833,,2.045509281,,5.109730125,26.80825875,525.815851
833,,3.58005605,,5.184669625,27.39551925,705.489339
833,,5.089124994,,4.907234125,30.52651075,875.751129
833,,6.723623329,,4.909625875,26.46675413,1059.560696
833,,8.222893381,,5.481238375,27.90298888,1246.711303
833,,9.939704194,,5.525883,24.46240875,1443.370105
833,,11.57028285,,5.39513775,28.50301563,1641.274463
833,,13.27729487,,5.78657675,27.29977025,1849.360889
833,,2.002392993,,6.1979465,26.24014813,552.0303226
833,,3.540859548,,7.251084875,25.043286,791.7337158
833,,5.051888436,,6.546335125,28.02746238,998.8409966
833,,6.58839515,,6.772747875,27.99235463,1231.699693
833,,8.262089779,,6.649974875,27.57425088,1466.196436
833,,9.865230766,,7.306890875,27.98916275,1706.083203
833,,2.104304192,,6.379714375,28.40726675,561.5048826
833,,3.589855254,,8.58325275,27.23912938,878.3894589
833,,5.096964461,,8.4525075,28.97856888,1139.952556
833,,6.696185871,,8.23645875,26.9231575,1433.366894
833,,8.3600814,,8.27313125,26.9678405,1721.366333
833,,2.016111878,,6.393267375,27.94128825,563.3584731
833,,3.777998925,,9.450637125,26.980607,973.6488648
833,,5.093044988,,9.8779515,29.39028975,1281.98485
833,,6.702065393,,10.25344563,25.92736838,1618.062134
833,,3.634931383,,11.985025,29.04878488,1065.565796
833,,5.14204059,,11.58880275,27.04763125,1422.90465
833,,3.681967249,,12.92814613,27.31572863,1161.111761
833,,5.226313326,,13.0246105,28.72323825,1576.087606
833,,3.688500028,,14.30052978,28.48599367,1254.157422
857,,6.802700477,,0.681241857,28.090839,532.072888
857,,11.63028836,,0.556418714,28.291456,616.305713
857,,13.29824483,,0.485807,27.771068,647.6506343
857,,14.95429563,,0.878840625,28.34981725,682.4738091
857,,16.58691926,,0.747753429,27.90481257,721.3919677
857,,18.21262956,,0.49776575,29.2881575,763.1127564
857,,19.81155192,,0.76563425,28.98176063,813.5660644
857,,21.48363704,,0.69582,29.66659386,868.5374694
857,,23.2271568,,1.001613625,28.53812388,930.821472
857,,3.415035733,,1.3579745,27.09231413,510.5688597
857,,5.094609935,,1.5501065,28.01150438,566.8729008
857,,6.689499683,,1.240782,27.60935863,626.1977841
857,,8.352943753,,1.42813075,27.9827795,684.5614349
857,,9.978077996,,1.79007225,27.44977675,749.7063844
857,,11.58103297,,1.440089,27.02209825,821.1557823
857,,13.17995555,,1.617871125,28.14236125,893.6453993
857,,14.78492693,,1.6298295,28.42003325,973.0961181
857,,16.48466399,,1.589967875,26.8018755,1055.997448
857,,18.15214057,,1.660124125,28.88281988,1145.301281
857,,19.78130742,,1.66969075,29.23389963,1245.878622
857,,21.40240927,,2.09381625,29.05516825,1352.562781
857,,23.17473315,,2.00931,27.797665,1472.578345
857,,2.033873108,,2.683765,26.31993888,480.2643437
857,,3.540045894,,2.811321375,27.93490525,575.7919437
857,,5.122838016,,2.62556725,27.95086338,671.9869992
857,,6.608847949,,2.816104875,27.14657188,771.1877442
857,,8.254145258,,2.812916,29.291349,878.3629272
857,,9.851051634,,2.997873,27.87745563,987.1654483
857,,11.49231601,,2.812118875,28.0370375,1096.315064
857,,13.127532,,2.970767,27.64127488,1214.269775
857,,14.64781872,,3.05686775,26.329514,1341.22666
857,,16.52700622,,3.100715125,31.31803575,1474.902454
857,,18.11786346,,3.25776925,27.2455125,1616.470525
857,,19.84784522,,2.935689,26.84655838,1771.924756
857,,21.32780613,,3.355031,29.26900763,1934.885694
857,,23.1969122,,3.02178975,26.77315088,2110.581001
857,,1.933058306,,4.117181125,28.59238138,509.7169188
857,,3.523915547,,4.568412,27.21359613,649.5415529
857,,4.983713707,,4.227996,28.45514113,784.1617973
857,,6.661271817,,4.0310805,28.62110613,928.5965167
857,,8.256161458,,4.294166,27.36360288,1075.141113
857,,9.967996462,,4.42491125,28.41365,1232.365198
857,,11.35924051,,3.9712885,26.65825213,1390.199734
857,,13.07712454,,3.839745875,27.28700375,1553.513941
857,,14.85952986,,4.34837725,26.84974988,1724.984008
857,,16.40199595,,4.734235625,28.41045838,1909.461792
857,,18.08560298,,4.235968,28.97856888,2104.248901
857,,19.82969857,,4.76771925,27.67638288,2317.02815
857,,2.023791681,,5.038777,28.65940575,528.647359
857,,3.564241575,,5.668587,29.45093063,722.142456
857,,5.098642442,,5.491602375,28.40726675,898.1171938
857,,6.766119018,,6.005814375,28.69770525,1086.2
857,,8.15736307,,5.904566625,28.3657755,1276.377007
857,,9.853067727,,5.6319145,26.69655175,1481.898193
857,,11.53869085,,5.58248625,27.64765813,1682.946325
857,,13.11140144,,5.898985875,28.10406138,1899.994885
857,,14.86759498,,5.22213925,27.54233425,2126.532335
857,,1.973384119,,5.43739075,27.11784713,548.5208129
857,,3.616665336,,6.748033875,27.258279,801.358441
857,,5.044202588,,7.076491625,27.72425738,1016.322278
857,,6.651190069,,7.1522285,28.4008835,1249.737915
857,,8.254145151,,7.073303,28.54450688,1490.886767
857,,9.85710034,,6.821379,27.21997925,1743.213189
857,,11.47618566,,7.105989,28.8955865,1984.371131
857,,1.993547187,,5.658223125,31.32761063,550.8020904
857,,3.612632723,,8.099335375,28.55089038,884.2120725
857,,5.114772789,,8.568902625,28.368967,1141.235636
857,,6.733858217,,8.350462125,27.47530988,1426.17439
857,,8.229949577,,8.608764125,27.82319813,1711.659717
857,,2.100410909,,5.863908,27.9061805,550.2722411
857,,3.667072684,,10.02065488,27.45616025,967.9200643
857,,5.106707669,,10.205612,28.7487715,1272.992603
857,,6.673369551,,10.19843688,28.36577563,1607.531583
857,,3.638844389,,11.42776275,27.328495,1059.752246
857,,5.276076579,,11.69563125,26.88166625,1415.697742
857,,6.63505983,,11.54096913,28.4455665,1797.38335
857,,3.560208962,,12.42509513,26.72846788,1148.639514
857,,5.37285866,,12.46575375,27.41466875,1555.378133
857,,3.665056377,,14.32090363,28.19023588,1236.301404
857,,5.275180466,,14.28777433,27.89873333,1628.243799
882,,5.048166837,,0.992844167,28.73281333,515.9561694
882,,6.621696144,,0.716775429,28.95531571,538.5182575
882,,8.29127376,,0.798776143,27.631244,565.6399388
882,,9.928835112,,0.634623,27.5838255,593.0513846
882,,11.84624053,,0.591041286,28.21485686,623.9925187
882,,13.28775307,,0.709030833,28.013632,655.997246
882,,14.85930611,,0.704779,27.89873317,692.4545361
882,,16.52532638,,0.680330857,28.11272471,730.2861935
882,,18.16842149,,0.7292275,26.362494,773.3353426
882,,19.87278168,,1.042804,26.12844083,822.1643373
882,,21.37516431,,0.899302833,29.47752717,875.836151
882,,23.16529606,,1.226697667,28.09023133,938.6692128
882,,24.74989272,,0.677597429,28.07624871,972.2383729
882,,1.736284767,,1.588107833,29.396673,467.9838564
882,,3.588472188,,1.523114857,27.598416,514.3317262
882,,5.068325052,,1.500336857,28.43006414,561.8482891
882,,6.664384314,,1.399202714,28.94802043,616.2084503
882,,8.26281477,,1.764561143,28.49936814,673.548706
882,,9.899190504,,2.380476714,27.813623,733.6830295
882,,11.60196988,,1.790983286,26.89443286,798.277779
882,,13.23597416,,1.857495143,27.68960529,864.4832079
882,,14.7984362,,1.753931333,26.03907517,937.0562669
882,,16.46366576,,1.695316143,29.11945671,1012.369682
882,,17.98620655,,1.897584143,28.492073,1095.729004
882,,19.61546756,,1.803739,27.81362314,1186.340317
882,,21.40125158,,1.730849429,26.51508443,1285.870545
882,,22.98070984,,1.673449286,28.196619,1397.426361
882,,24.7664936,,1.658871286,27.38320857,1514.847321
882,,1.911780108,,2.835124429,27.78809,485.4535335
882,,3.410605296,,2.834213143,28.30604629,577.6257475
882,,5.03512317,,2.735812714,29.88544857,665.7981415
882,,6.633554004,,3.179527,26.99656514,760.9909515
882,,8.146608624,,3.023725857,28.94072543,861.1553574
882,,9.83753001,,2.805057571,28.12001986,966.6497271
882,,11.46204814,,3.748975571,28.99543886,1072.883545
882,,13.0770796,,3.245127429,29.08298086,1182.55307
882,,14.66839571,,2.773168429,26.91631829,1300.161926
882,,16.39251898,,3.379061714,28.335227,1425.133545
882,,18.04075258,,3.338061571,27.45616014,1560.232361
882,,19.63918316,,3.235105143,26.93820386,1706.131378
882,,21.31113235,,3.197749286,27.81362314,1860.646591
882,,23.05897108,,3.420061857,27.45616029,2022.946411
882,,24.63605789,,4.015022,28.88965929,2194.980286
882,,2.054073672,,3.889287571,29.54622357,509.4306408
882,,3.51495396,,4.188134571,27.605711,648.3085939
882,,4.942632366,,4.349402429,27.17894414,774.011685
882,,6.443829378,,3.844642857,26.81783371,910.7882845
882,,8.130007746,,4.368535857,30.72439214,1052.703644
882,,9.742667634,,4.691071429,26.28528686,1203.241455
882,,11.3909011,,4.435958571,28.38264557,1357.928436
882,,13.036763,,4.339380143,27.94128843,1516.471123
882,,14.58776277,,4.509759,30.50918471,1670.72641
882,,16.3616888,,4.358513429,27.90846014,1845.866913
882,,17.96011951,,3.956710429,30.07147514,2031.640411
882,,19.629697,,4.696538286,28.80576486,2228.265839
882,,1.944981864,,4.810428,28.99908671,523.5438309
882,,3.567128292,,6.001258857,28.743756,730.1181026
882,,4.80982509,,5.466432571,26.901728,900.1272428
882,,6.586122564,,5.910147429,28.98814386,1086.301479
882,,8.255700054,,5.445477,27.54005471,1278.989655
882,,9.714208896,,5.662323,28.88236386,1474.26236
882,,11.45967631,,5.934747429,29.95475257,1683.000961
882,,13.11028148,,6.062303571,27.92305043,1894.845276
882,,14.77511582,,5.160297,27.68960543,2114.128906
882,,2.210596416,,5.337965143,28.56502471,532.4873658
882,,3.519696978,,7.166578571,27.59476814,803.6173708
882,,5.058838764,,7.125578429,27.86468914,1016.904793
882,,6.671498904,,7.082755714,28.82400271,1248.583832
882,,8.146608624,,6.918754429,27.32484729,1490.854873
882,,9.884961324,,7.231267857,28.47383514,1734.885651
882,,11.1822039,,7.989318,27.63853914,1989.869629
882,,1.949725134,,5.745234857,26.16856443,534.7059175
882,,3.659619096,,8.488610571,28.882364,888.923874
882,,5.03512317,,8.689967714,29.77602114,1143.075562
882,,6.619324572,,9.270349429,31.52685971,1425.905579
882,,8.277044328,,8.449432571,29.09392357,1710.155151
882,,2.035101075,,5.8633765,30.273308,539.5014423
882,,3.60981621,,9.961888,28.54313929,978.0625379
882,,5.255678232,,9.783308857,30.79004843,1274.50174
882,,6.628810734,,10.25982357,28.404531,1604.171143
882,,3.657247398,,11.57365543,28.25133271,1064.303803
882,,5.09678379,,11.508055,27.71513829,1410.67627
882,,6.797191464,,11.51534386,27.41968443,1788.688309
882,,3.749738202,,13.00502157,27.90481271,1159.825745
882,,5.205875472,,13.26924571,28.06895357,1562.26947
882,,3.718907892,,14.25507514,26.39106671,1247.465119
882,,5.253306408,,15.622663,28.19297157,1701.7229
909,,5.113490678,,0.943643857,29.07933343,529.2999799
909,,8.364220507,,0.735909143,28.44830214,577.9584965
909,,10.06739119,,0.810013333,26.98379867,604.475372
909,,11.54162557,,0.621867333,26.00077567,640.237366
909,,13.30630716,,0.793309571,28.90060186,670.344742
909,,14.97485221,,0.831272667,27.796601,703.803665
909,,18.17506932,,0.839776429,28.12366743,784.5052795
909,,21.4160226,,1.046600143,28.58691029,884.1315305
909,,23.13182139,,0.817909571,28.14190529,947.1313935
909,,24.7180795,,0.848887714,25.50835243,1018.631661
909,,1.967859818,,1.894850857,26.93455614,481.4707727
909,,3.363473749,,1.516737,28.441007,529.759552
909,,5.032833679,,1.388269286,29.48421471,587.2002255
909,,6.518881293,,1.513092429,27.10964029,647.4595336
909,,8.347111439,,1.587804143,28.43735929,707.980919
909,,9.867377449,,1.775494286,27.75890929,775.6823034
909,,11.52696044,,1.677093714,27.18259186,843.9158668
909,,13.01545248,,1.616959857,26.19409743,914.8087235
909,,14.66037057,,1.882095286,28.84953586,994.5029374
909,,16.39572286,,1.805561571,28.13096257,1073.846283
909,,17.99664587,,1.697138429,28.20756186,1159.82898
909,,19.81998754,,2.285720429,27.44521771,1252.649475
909,,21.3133678,,1.975029286,28.75469886,1354.825135
909,,23.03894328,,1.979584857,28.60150029,1472.468567
909,,24.54454426,,1.726294,31.125626,1595.276489
909,,1.984968886,,2.724879286,29.30548343,499.2974855
909,,3.512567539,,2.923502857,29.25076986,590.488556
909,,5.020612824,,3.396373,27.94128843,685.5456389
909,,6.535990491,,2.935347286,28.98449643,786.2833706
909,,8.229791614,,2.931703,28.57596743,891.077596
909,,9.796496876,,3.379972714,27.67501514,1000.046936
909,,11.56362274,,3.100259571,28.12001986,1112.026428
909,,13.03989419,,2.732168,27.62759643,1222.315125
909,,14.62859673,,3.505707286,29.21429386,1342.437042
909,,16.29795615,,3.410950857,30.19184529,1477.091339
909,,17.86466154,,3.755353571,29.32736886,1613.402069
909,,19.6464523,,3.601374286,29.50245271,1760.294922
909,,21.30359125,,3.265172,27.45251271,1922.056152
909,,23.05849652,,3.336239,25.57765643,2085.764579
909,,24.66430813,,3.625063571,29.403968,2267.336182
909,,1.862761108,,3.943043857,28.05801086,514.403801
909,,3.483237615,,4.532537,28.524901,667.3609393
909,,4.971729531,,4.466025286,27.36497057,797.738556
909,,6.513993211,,4.473314286,25.02687186,936.7601015
909,,8.034259221,,4.717493857,28.92613514,1089.3956
909,,9.757390267,,4.502470143,28.92613514,1242.4505
909,,11.409641,,4.350313571,28.94072543,1397.821732
909,,13.08633305,,5.057340857,28.74375586,1563.329651
909,,14.59926681,,4.671937857,28.43371171,1728.678589
909,,16.29795628,,4.775805286,28.34616986,1904.944336
909,,18.1335188,,4.317513143,28.67809943,2084.589173
909,,19.64400826,,4.783094286,29.04285743,2288.704132
909,,21.34269798,,4.595404143,29.35654957,2507.740326
909,,1.945862277,,4.958029,28.831298,528.4053726
909,,3.47101663,,6.270038571,28.907897,731.587189
909,,4.878851547,,5.674167429,29.88544843,906.2037356
909,,6.531102149,,5.566655714,27.79538529,1090.517273
909,,8.193129566,,5.915614,28.058011,1278.29718
909,,9.801385348,,5.831791,29.12310429,1479.753418
909,,11.50251885,,6.239060714,28.34616957,1681.603272
909,,13.0594473,,5.712434286,27.36132314,1891.531647
909,,14.74347213,,6.151593143,29.52433814,2114.885071
909,,1.967859818,,5.436365714,27.613006,532.504547
909,,3.45146352,,7.319646286,29.23982671,806.5134886
909,,5.001059454,,7.031733,29.776021,1019.249184
909,,6.619092051,,7.051777857,27.79538514,1248.527222
909,,8.166243554,,7.167489714,28.78023186,1488.970582
909,,9.828270841,,7.500047857,29.40032057,1734.203675
909,,11.44874735,,7.500958857,26.259754,1990.482895
909,,1.906755799,,5.340698429,29.18876071,535.893074
909,,3.571227257,,8.474032571,29.11216143,893.3689727
909,,4.915513984,,8.484966,30.22467357,1142.57988
909,,6.606871065,,8.482232571,27.795385,1421.687042
909,,8.163799512,,8.569699857,29.45868171,1708.459351
909,,9.896707373,,9.100881571,28.95896329,2009.244156
909,,1.997597039,,5.624207833,28.96686633,535.9088745
909,,3.730097343,,10.94862886,25.24937414,976.9871825
909,,4.986394687,,10.31631286,30.925009,1269.996734
909,,6.645977544,,10.30082386,29.42585329,1602.043946
909,,8.210238634,,10.26984586,28.33887471,1940.601136
909,,3.615222078,,11.40418757,33.208394,1063.523641
909,,5.091493397,,11.66750071,28.07260114,1407.356278
909,,6.677751639,,11.40692086,31.34812814,1779.242676
909,,3.654328427,,12.59684086,30.07512271,1145.704681
909,,5.189259594,,13.22368971,30.31586314,1554.38322
909,,3.644551872,,15.49601771,29.40761571,1235.544174
909,,5.162373971,,14.78899029,29.05380043,1689.83667
937,,5.071965696,,0.6218675,28.703025,545.9136356
937,,6.611346844,,0.429773286,29.48056729,567.8563919
937,,8.27292089,,0.453917833,29.72860283,586.8674394
937,,10.03359308,,0.859973,28.07746483,621.0205838
937,,11.61202611,,0.516633333,28.82643433,652.1905439
937,,13.22489082,,0.494462857,28.86777386,686.7376095
937,,14.89528317,,0.634623167,27.745535,719.743591
937,,16.61186499,,0.405021333,29.6434925,763.1861189
937,,26.37891445,,0.878954571,29.32007357,1092.397964
937,,3.535104096,,1.987785,28.87506886,540.4347385
937,,4.930876965,,1.723560571,29.40761557,596.3021443
937,,6.759154288,,1.350002333,27.65616933,656.1373593
937,,8.31449172,,1.598737429,29.79425914,715.5600815
937,,9.773250533,,1.477558714,27.55464486,781.81633
937,,11.35294285,,1.607848571,28.258628,851.6228486
937,,12.91247962,,1.612404571,28.06165857,923.8075716
937,,14.57027477,,1.495781143,25.02687186,998.3556823
937,,16.33892519,,1.713538429,27.171649,1083.357514
937,,18.04458952,,1.552270571,27.014803,1170.598795
937,,19.72757913,,1.559559571,28.96990586,1264.749008
937,,21.3878936,,1.524025714,27.033041,1369.872605
937,,23.12127172,,2.264764714,28.07624886,1481.48021
937,,24.75891119,,2.169097429,29.05380029,1596.328278
937,,26.45197837,,1.798272429,28.12731514,1723.611176
937,,1.869750705,,2.550855714,29.290893,509.8669053
937,,3.454481805,,2.876124714,29.33101629,604.2146229
937,,5.034174121,,2.886146857,28.28780843,698.7927173
937,,6.543321714,,2.970880857,31.31165257,797.499878
937,,8.183480648,,3.400017429,28.48477786,902.7392806
937,,9.806003635,,2.871569286,28.27321814,1012.613922
937,,11.43104568,,3.541240857,28.03247786,1119.03244
937,,13.0434907,,3.268816571,30.47635643,1230.282654
937,,14.72899963,,3.266083143,27.18623929,1346.523473
937,,16.35404167,,2.960858714,28.13825757,1475.971161
937,,17.9614479,,3.053792571,27.59112057,1611.189163
937,,19.55625684,,3.150371286,28.94072543,1757.493622
937,,21.37025739,,3.184993714,28.80211729,1917.390747
937,,22.88444403,,2.991836714,30.65873571,2082.778198
937,,24.69592512,,3.61413,30.20278814,2263.962524
937,,26.12697001,,3.502973714,30.03499957,2450.203614
937,,1.670714771,,3.448306571,27.41238914,515.9203339
937,,3.371340457,,4.112511571,28.00329729,662.738312
937,,4.880487916,,4.326624286,26.55520786,799.162964
937,,6.334207944,,4.090644714,25.322326,937.887604
937,,8.15828619,,3.866509857,27.22636271,1087.737335
937,,9.549020007,,4.299290857,28.12001971,1238.198257
937,,11.13879016,,4.356691143,28.90060186,1388.6539
937,,12.82177936,,4.468758571,29.06109543,1510.030243
937,,14.65845531,,3.835531857,27.68960529,1720.045029
937,,16.2457056,,4.373091286,28.01424,1898.568543
937,,18.00427844,,4.671938,27.02939329,2086.935547
937,,19.57893171,,4.876939429,30.23196871,2282.517456
937,,21.31734901,,4.609981857,29.79061171,2501.054932
937,,3.474637344,,5.620411571,28.20391429,740.5782925
937,,5.034174255,,5.850013286,29.96569543,910.6535419
937,,6.563477521,,6.192593429,30.61861214,1093.900787
937,,8.211194565,,5.802635143,28.94802057,1284.431686
937,,9.750575534,,5.72519,29.09392357,1482.432678
937,,11.37057906,,5.397187714,31.43202257,1689.917206
937,,12.99058232,,6.559774143,28.37535029,1898.176117
937,,14.73403855,,5.820857714,28.70728029,2113.347901
937,,3.454482073,,7.508247857,29.32372129,816.949371
937,,5.021577093,,6.515129286,28.81306,1027.193207
937,,6.500491444,,7.250401286,25.49376229,1251.490235
937,,8.047430524,,7.533759143,29.64106086,1488.561849
937,,9.783328637,,7.042666571,31.31530014,1736.916687
937,,11.24460691,,7.083666857,24.618343,1990.609436
937,,3.48723464,,8.485877143,28.38994071,893.8453979
937,,5.054329794,,8.486788286,28.79117443,1148.481995
937,,6.57355509,,8.407521143,28.99179157,1422.742523
937,,8.211194565,,8.528699857,27.98141186,1714.585922
937,,9.750575802,,8.587922429,28.39723586,2010.731369
937,,1.874789891,,4.974429143,27.27378114,539.4396057
937,,3.741698675,,9.925443429,28.73646086,980.7613144
937,,5.071965874,,10.02202171,28.18202857,1281.842743
937,,6.616385896,,9.673974714,27.75890943,1597.984421
937,,8.238908348,,10.41471357,28.787527,1935.220428
937,,3.666115168,,11.42149886,31.04173143,1063.996246
937,,5.192899244,,11.92352471,27.38320857,1417.93779
937,,6.636541301,,11.77774571,27.98505929,1777.915207
937,,3.648479222,,12.35175,30.07512271,1149.639526
937,,5.182821541,,13.62093714,29.72860257,1558.606201
937,,3.598090441,,15.19990429,27.623949,1201.591491
937,,5.218093701,,15.26368257,29.09027614,1685.519558
967,,4.867306503,,0.496436833,28.60940333,564.9652706
967,,9.748147138,,0.434784333,30.13287617,636.6374818
967,,11.3771165,,0.850406,31.473362,666.1018678
967,,12.89168082,,0.424306571,28.875069,698.5323183
967,,14.36750382,,0.7071178,29.366033,732.5371703
967,,16.04258157,,0.403958333,30.84354633,769.3722685
967,,17.8596255,,0.7972575,26.92847717,808.6845855
967,,19.30051997,,0.824894833,29.8945675,850.0939406
967,,20.86578675,,1.003473833,26.76676767,900.7160035
967,,22.60396039,,0.788753833,28.19661883,955.1070553
967,,24.23292959,,0.523011,28.80090117,1014.07859
967,,25.73145999,,0.689897833,29.22219683,1079.393845
967,,3.268671635,,1.786428,29.50974786,550.3504026
967,,4.828737984,,1.476647714,28.35711271,605.623535
967,,6.342002363,,1.514003571,26.58803629,660.2732548
967,,8.063275624,,1.774583286,28.54313886,723.6490553
967,,9.451734562,,1.501248,25.67614086,784.464325
967,,11.1808082,,1.216979143,29.39667286,849.7500228
967,,12.78247627,,1.754538857,27.70784329,919.6287998
967,,14.41014559,,1.335424571,27.82091829,993.2423626
967,,15.86100725,,2.091652286,29.34925429,1069.776734
967,,17.5354784,,1.806472429,29.14134214,1150.344986
967,,19.01754128,,1.883006286,29.33831143,1238.649979
967,,20.99015859,,1.809205833,29.95840033,1338.378601
967,,22.42368619,,1.647937857,29.24347443,1440.186478
967,,24.07475622,,2.113519286,29.58269943,1552.918686
967,,25.66342381,,2.088919,25.16183229,1670.372773
967,,3.30247312,,2.974525571,28.87871657,600.3975295
967,,4.810537525,,3.364484,26.39106686,696.4941715
967,,6.355002849,,2.824191,28.80576514,790.8757175
967,,7.96447157,,3.031014714,27.963174,891.9841839
967,,9.511537296,,2.760412714,27.82821357,967.6037524
967,,10.98319981,,2.378654286,28.65986171,1067.720673
967,,12.47826332,,2.631945286,26.05913714,1173.948685
967,,14.2125372,,2.763146143,28.92248757,1281.986359
967,,15.90780908,,2.633767429,28.16379086,1399.639572
967,,17.43147382,,3.031014714,28.86412614,1522.893555
967,,19.09554489,,2.856991143,29.40032057,1653.287552
967,,20.66341147,,3.229638714,29.64106071,1792.641601
967,,22.38728472,,3.308905714,30.25020643,1947.40804
967,,23.96815179,,2.910747286,28.40088371,2104.638122
967,,25.49701664,,2.795946429,29.63011814,2273.476654
967,,3.299872995,,3.833709714,27.90846014,656.1083528
967,,4.792336374,,4.092467,29.65200343,784.5752561
967,,6.19119595,,4.076067,29.06474314,910.705734
967,,7.951470808,,3.953066,29.090276,1052.778137
967,,9.516737407,,4.368535714,29.09392371,1190.500837
967,,11.06900352,,3.497507143,27.901165,1338.048675
967,,12.71487316,,4.343935714,28.794822,1488.99591
967,,14.21513719,,4.326624429,28.99908643,1639.181071
967,,15.78300378,,3.87471,27.26283843,1803.035095
967,,17.40547298,,4.344846571,28.969906,1969.518127
967,,19.15274722,,4.50247,28.61973814,2149.88031
967,,20.819418,,3.755353286,30.12618886,2347.556396
967,,22.42368605,,4.035977714,28.291456,2553.448425
967,,1.651402815,,2.999125429,29.06474329,523.312805
967,,3.307673508,,4.853250429,26.31446757,732.8072891
967,,4.84693872,,5.532944429,28.73646086,892.9176788
967,,6.276999517,,5.227719857,30.23926386,1052.148102
967,,7.943670433,,5.592166857,27.24460043,1238.96164
967,,9.571339753,,5.461877286,27.97776429,1421.034317
967,,11.08200414,,5.542055429,31.41743229,1608.237976
967,,12.51206494,,5.856391143,28.28051329,1809.417236
967,,14.21513719,,5.641367429,29.54257614,2008.751831
967,,15.95721131,,5.819946429,29.75778343,2226.888031
967,,3.502681629,,6.506929143,29.27995029,802.1958235
967,,4.826138136,,7.039022143,30.72439186,1007.968475
967,,6.303000628,,7.253134714,30.04958957,1223.230225
967,,7.883867976,,7.314179714,31.26423371,1460.497223
967,,9.467335173,,6.995288286,29.45503386,1688.572327
967,,10.9675992,,6.938798857,27.72608114,1925.745026
967,,12.70967291,,6.987999571,29.16687529,2168.183227
967,,1.81000974,,3.970377143,30.07877043,505.3202285
967,,3.409077548,,8.748279143,29.84532529,874.7185515
967,,4.841738609,,7.552892571,29.396673,1123.529114
967,,6.336802251,,8.443054714,30.62590757,1383.102844
967,,8.050275138,,8.802035143,29.403968,1663.870483
967,,9.602541251,,8.278142429,30.50188957,1944.934344
967,,3.406477562,,9.106348429,28.80941243,953.3346255
967,,4.789736526,,10.42473586,25.28220243,1245.592407
967,,6.492808637,,10.19695643,30.888533,1551.040284
967,,7.995672654,,9.769642286,29.99852343,1884.410461
967,,3.357075466,,11.45156557,28.91519229,1019.142483
967,,4.924942051,,11.43425457,29.11580914,1380.2724
967,,6.490208789,,11.59552229,29.14498971,1727.793091
967,,3.578084835,,13.14533386,30.64779286,1059.180176
967,,5.187553281,,13.25284557,30.70250657,1503.637909
967,,6.477208303,,12.95582129,29.96569543,1908.176026
967,,3.611886458,,12.58135171,28.787527,1069.343948
967,,5.138151185,,14.90652443,30.99066529,1640.079644
1000,,8.0894576,,0.4366978,29.7081762,619.2325442
1000,,9.704376143,,0.490818143,29.429501,646.1391293
1000,,11.37638817,,0.287031667,29.33284017,678.146057
1000,,12.8194,,0.268961167,28.264707,713.3028184
1000,,14.49925425,,0.600608,30.38607875,745.7911834
1000,,16.2205166,,0.6879844,28.3344974,780.83934
1000,,17.757459,,0.607441429,29.48421486,821.040009
1000,,19.4654116,,0.43032,30.1167052,863.8958509
1000,,21.11044567,,0.498562833,30.26905233,911.1266788
1000,,22.666389,,0.618678333,30.213731,966.6204604
1000,,24.16497043,,0.536374143,28.25862786,1025.697983
1000,,25.90375517,,1.135282167,30.3796955,1089.605164
